case_id,model_type,arrival_rate,service_rate,num_servers,warm_percent,spawn_time,blocking_probability,latency,cpu_usage,ram_usage
0,Markov,10.0,0.25,5,0.3,2,0.8127097396604895,5.219588744148223,381.5097649353733,370.4914881945955
1,Markov,10.0,0.25,5,0.3,4,0.8407716689315474,6.16410275357935,328.8709876826903,360.4432142552306
2,Markov,10.0,0.25,5,0.3,8,0.8691736136607515,7.531071938306251,275.58822558066566,350.21137625233905
3,Markov,10.0,0.25,5,0.5,2,0.7969057255503843,4.802131224842783,411.2101908773884,377.8551429903895
4,Markov,10.0,0.25,5,0.5,4,0.8169042012526124,5.34259014744458,373.7006701623491,370.731888760998
5,Markov,10.0,0.25,5,0.5,8,0.8371516321738508,6.024372659697199,335.7211033618773,363.488949707066
6,Markov,10.0,0.25,5,0.7,2,0.78116425961632,4.445907940711333,440.7970808694391,385.356831067146
7,Markov,10.0,0.25,5,0.7,4,0.7931333887652607,4.71197894731384,418.34994490414067,381.11744775467014
8,Markov,10.0,0.25,5,0.7,8,0.805255473006209,5.014625023486769,395.6150163674551,376.814512421264
9,Markov,10.0,0.25,5,1.0,2,0.7576877122418081,3.999999999999997,484.93208400605585,396.9249151032767
10,Markov,10.0,0.25,5,1.0,4,0.7576877122418081,3.999999999999997,484.93208400605585,396.9249151032767
11,Markov,10.0,0.25,5,1.0,8,0.7576877122418081,3.999999999999997,484.93208400605585,396.9249151032767
12,Markov,10.0,0.25,15,0.3,2,0.4464253126185546,5.211403482549843,1127.5365024748992,1094.9719486833696
13,Markov,10.0,0.25,15,0.3,4,0.5265508922008387,6.155885972002923,977.7883428848164,1071.801017096571
14,Markov,10.0,0.25,15,0.3,8,0.609627054162085,7.526871672107897,822.3188087904705,1045.70705624004
15,Markov,10.0,0.25,15,0.5,2,0.40205332361680096,4.790620761088823,1210.612938529701,1114.6528212886356
16,Markov,10.0,0.25,15,0.5,4,0.4579923374481651,5.331608586531295,1106.204700898388,1099.8482994726014
17,Markov,10.0,0.25,15,0.5,8,0.5163209443875968,6.0196352270975915,997.200883076654,1083.0564889408083
18,Markov,10.0,0.25,15,0.7,2,0.35916358932802894,4.434031621328186,1290.9465282335673,1136.6635039658713
19,Markov,10.0,0.25,15,0.7,4,0.39167387426480615,4.700685660011623,1230.3690221575032,1129.0776860419237
20,Markov,10.0,0.25,15,0.7,8,0.42577632297068646,5.009486754670201,1166.7668988437235,1120.5415090923254
21,Markov,10.0,0.25,15,1.0,2,0.29930666082847684,4.0,1403.3589447761854,1180.2773356686093
22,Markov,10.0,0.25,15,1.0,4,0.29930666082847684,4.0,1403.3589447761854,1180.2773356686093
23,Markov,10.0,0.25,15,1.0,8,0.29930666082847684,4.0,1403.3589447761854,1180.2773356686093
24,Markov,10.0,0.25,30,0.3,2,0.02973645380563757,5.109179752650311,1973.526384549622,1896.682430633877
25,Markov,10.0,0.25,30,0.3,4,0.10494685802962919,6.068650068503184,1846.3662279999664,2008.9523028587478
26,Markov,10.0,0.25,30,0.3,8,0.23543240423718895,7.478069345311982,1609.6251567985619,2042.4756410638076
27,Markov,10.0,0.25,30,0.5,2,0.009668718931984557,4.5849314213000145,2000.0131050829582,1817.4808078408907
28,Markov,10.0,0.25,30,0.5,4,0.032349759228284876,5.10352642040285,1969.3075761685923,1927.7566601491467
29,Markov,10.0,0.25,30,0.5,8,0.08748518765270923,5.8570348256015015,1877.8390446899043,2027.563228371679
30,Markov,10.0,0.25,30,0.7,2,0.0025387383051861554,4.172107261555281,2005.6075892347226,1813.48779830992
31,Markov,10.0,0.25,30,0.7,4,0.005416791102084465,4.333635676089533,2004.656227093033,1856.9303483559372
32,Markov,10.0,0.25,30,0.7,8,0.012740449291983048,4.612875931868969,1998.2060859874987,1927.1842479947281
33,Markov,10.0,0.25,30,1.0,2,0.0006794652435398118,3.9999999999999964,2018.6682481226603,2199.728213902584
34,Markov,10.0,0.25,30,1.0,4,0.0006794652435398118,3.9999999999999964,2018.6682481226603,2199.728213902584
35,Markov,10.0,0.25,30,1.0,8,0.0006794652435398118,3.9999999999999964,2018.6682481226603,2199.728213902584
36,Markov,10.0,1.0,5,0.3,2,0.5151559934121318,1.8947555308912112,255.75715320604365,333.70198609006434
37,Markov,10.0,1.0,5,0.3,4,0.5975780943263257,2.3367694496416087,217.669956334662,331.97168158153926
38,Markov,10.0,1.0,5,0.3,8,0.6559042319859957,2.7706742543840055,190.64697374763983,330.04208894580046
39,Markov,10.0,1.0,5,0.5,2,0.4137987886588404,1.5122929986890639,302.74933073092757,343.75817051102194
40,Markov,10.0,1.0,5,0.5,4,0.46973723480424223,1.710703811280274,277.07669741257223,344.3486895963165
41,Markov,10.0,1.0,5,0.5,8,0.5101390352106399,1.8788312686707314,258.48515815797714,344.2815789197954
42,Markov,10.0,1.0,5,0.7,2,0.32319406373120774,1.2536819335370806,344.64417912067967,354.9426409707978
43,Markov,10.0,1.0,5,0.7,4,0.3542878651306909,1.339178497133986,330.51682540926134,356.70059029423714
44,Markov,10.0,1.0,5,0.7,8,0.3773518105648926,1.4071509141120015,320.0198559325366,357.8250445243175
45,Markov,10.0,1.0,5,1.0,2,0.21458234310734733,1.0,394.85465187739976,378.5417656892653
46,Markov,10.0,1.0,5,1.0,4,0.21458234310734733,1.0,394.85465187739976,378.5417656892653
47,Markov,10.0,1.0,5,1.0,8,0.21458234310734733,1.0,394.85465187739976,378.5417656892653
48,Markov,10.0,1.0,15,0.3,2,0.0015473374336011558,1.5441632169591333,517.2580471070593,614.3398120362349
49,Markov,10.0,1.0,15,0.3,4,0.017980694136560657,2.0396017601483103,523.369002336531,751.042805164564
50,Markov,10.0,1.0,15,0.3,8,0.08055944964618551,2.6762236047566486,507.68799322566605,882.0949894001903
51,Markov,10.0,1.0,15,0.5,2,1.6683671157109014e-05,1.0729617408721204,507.5454433272182,582.8305672539769
52,Markov,10.0,1.0,15,0.5,4,7.902715008883076e-05,1.1456831862161487,509.695606078353,604.6189747684136
53,Markov,10.0,1.0,15,0.5,8,0.0003936211457527238,1.2889403276357592,513.8329567202353,647.4396135672924
54,Markov,10.0,1.0,15,0.7,2,7.284357655034314e-07,1.001777009025624,511.0618383370667,730.7995806354573
55,Markov,10.0,1.0,15,0.7,4,1.0695540383434397e-06,1.0035526547890383,511.114937075673,731.3321371655767
56,Markov,10.0,1.0,15,0.7,8,1.4824624420711528e-06,1.0071020092397953,511.2212110531327,732.3967763188307
57,Markov,10.0,1.0,15,1.0,2,1.711571872328791e-07,1.0000000000000002,519.9999161329783,999.9999828842813
58,Markov,10.0,1.0,15,1.0,4,1.711571872328791e-07,1.0000000000000002,519.9999161329783,999.9999828842813
59,Markov,10.0,1.0,15,1.0,8,1.711571872328791e-07,1.0000000000000002,519.9999161329783,999.9999828842813
60,Markov,10.0,1.0,30,0.3,2,1.583994430319493e-17,1.0142848763158037,508.49997067105375,646.4281943421112
61,Markov,10.0,1.0,30,0.3,4,9.628824771660158e-17,1.0285697526316009,508.9285169605271,650.7136572368502
62,Markov,10.0,1.0,30,0.3,8,9.095660970304996e-15,1.0571395052631283,509.78560953946834,659.2845830263046
63,Markov,10.0,1.0,30,0.5,2,9.391671484124741e-18,1.0000003423143777,520.0000119810039,1000.0001540414694
64,Markov,10.0,1.0,30,0.5,4,1.087697904946096e-17,1.0000006846287532,520.000022250435,1000.0002567357822
65,Markov,10.0,1.0,30,0.5,8,1.2174450090401086e-17,1.0000013692575054,520.0000427892977,1000.0004621244078
66,Markov,10.0,1.0,30,0.7,2,1.1925132339508542e-17,1.000000000000068,532.0000000000031,1360.00000000003
67,Markov,10.0,1.0,30,0.7,4,1.2743478492867806e-17,1.0000000000001346,532.0000000000053,1360.0000000000498
68,Markov,10.0,1.0,30,0.7,8,1.3356866823901073e-17,1.0000000000002667,532.0000000000091,1360.0000000000896
69,Markov,10.0,1.0,30,1.0,2,5.605982450186164e-18,1.000000000000001,550.0000000000005,1900.0
70,Markov,10.0,1.0,30,1.0,4,5.605982450186164e-18,1.000000000000001,550.0000000000005,1900.0
71,Markov,10.0,1.0,30,1.0,8,5.605982450186164e-18,1.000000000000001,550.0000000000005,1900.0
72,Markov,10.0,4.0,5,0.3,2,0.07666105224606275,0.6951366232156246,128.95314551506533,251.80001737809474
73,Markov,10.0,4.0,5,0.3,4,0.14584029823863545,0.8884133757171425,124.33458968548467,285.1705919737469
74,Markov,10.0,4.0,5,0.3,8,0.20418926290585146,1.0338826630388995,119.39642694004134,302.8902738866124
75,Markov,10.0,4.0,5,0.5,2,0.006699473012227932,0.37691354144849837,130.61879229358573,217.37887274059807
76,Markov,10.0,4.0,5,0.5,4,0.015014021464523457,0.47220456551228934,132.36362655085367,244.38894603341697
77,Markov,10.0,4.0,5,0.5,8,0.029011423309919286,0.5854906080765925,133.82062631916938,275.05595583877965
78,Markov,10.0,4.0,5,0.7,2,0.0007167400997902437,0.2685458349653672,129.99134128845583,241.23681456485042
79,Markov,10.0,4.0,5,0.7,4,0.001024254193559111,0.28587177027959054,130.47197660813532,246.39680896947988
80,Markov,10.0,4.0,5,0.7,8,0.0016236039396978603,0.31698401447759617,131.32826480484826,255.6489431446687
81,Markov,10.0,4.0,5,1.0,2,0.00021573847979176297,0.25000000000000006,132.47357203622556,324.9946065380052
82,Markov,10.0,4.0,5,1.0,4,0.00021573847979176297,0.25000000000000006,132.47357203622556,324.9946065380052
83,Markov,10.0,4.0,5,1.0,8,0.00021573847979176297,0.25000000000000006,132.47357203622556,324.9946065380052
84,Markov,10.0,4.0,15,0.3,2,2.780779376638729e-16,0.25172628026341404,131.55394625823172,295.58261958890216
85,Markov,10.0,4.0,15,0.3,4,1.236232241848642e-15,0.253452560526824,131.60573466613388,296.10050366792507
86,Markov,10.0,4.0,15,0.3,8,3.664290175780709e-15,0.25690512105362967,131.70931148193776,297.1362718259665
87,Markov,10.0,4.0,15,0.5,2,3.3851945993341848e-18,0.2500001169214836,137.50000365379645,475.00003946100065
88,Markov,10.0,4.0,15,0.5,4,3.6209132554082145e-18,0.2500002338429669,137.50000716144092,475.00007453744564
89,Markov,10.0,4.0,15,0.5,8,3.76886598259911e-18,0.2500004676859336,137.5000141767299,475.0001446903357
90,Markov,10.0,4.0,15,0.7,2,2.4673694765158565e-18,0.25000000000073114,143.50000000002294,655.0000000002467
91,Markov,10.0,4.0,15,0.7,4,2.5298025402937695e-18,0.25000000000146205,143.50000000004488,655.000000000466
92,Markov,10.0,4.0,15,0.7,8,2.5652640226719344e-18,0.250000000002924,143.50000000008873,655.0000000009046
93,Markov,10.0,4.0,15,1.0,2,1.743569288719691e-18,0.25000000000000017,152.50000000000009,925.0
94,Markov,10.0,4.0,15,1.0,4,1.743569288719691e-18,0.25000000000000017,152.50000000000009,925.0
95,Markov,10.0,4.0,15,1.0,8,1.743569288719691e-18,0.25000000000000017,152.50000000000009,925.0
96,Markov,10.0,4.0,30,0.3,2,2.3813871045087323e-18,0.25000000037314285,140.50000001166083,565.0000001259357
97,Markov,10.0,4.0,30,0.3,4,2.67789627659367e-18,0.25000000074628537,140.5000000228551,565.0000002378785
98,Markov,10.0,4.0,30,0.3,8,2.874002719890314e-18,0.2500000014925705,140.50000004524367,565.000000461764
99,Markov,10.0,4.0,30,0.5,2,1.5532957345066798e-18,0.25000000000000144,152.50000000000017,925.0000000000005
100,Markov,10.0,4.0,30,0.5,4,1.6372088711028755e-18,0.25000000000000255,152.5000000000002,925.0000000000008
101,Markov,10.0,4.0,30,0.5,8,1.686964386198996e-18,0.25000000000000483,152.50000000000026,925.0000000000015
102,Markov,10.0,4.0,30,0.7,2,1.008002797031762e-18,0.2500000000000009,164.50000000000014,1285.0000000000002
103,Markov,10.0,4.0,30,0.7,4,1.0314938133801426e-18,0.25000000000000144,164.5000000000002,1285.0000000000005
104,Markov,10.0,4.0,30,0.7,8,1.0447782927138689e-18,0.25000000000000266,164.50000000000023,1285.0000000000007
105,Markov,10.0,4.0,30,1.0,2,8.315116859956236e-19,0.25000000000000017,182.50000000000009,1825.0
106,Markov,10.0,4.0,30,1.0,4,8.315116859956236e-19,0.25000000000000017,182.50000000000009,1825.0
107,Markov,10.0,4.0,30,1.0,8,8.315116859956236e-19,0.25000000000000017,182.50000000000009,1825.0
108,Markov,15.0,0.25,5,0.3,2,0.8740790265932016,5.219296338877948,384.7227854557019,372.82480955893493
109,Markov,15.0,0.25,5,0.3,4,0.8930734465739374,6.161224470426467,331.22960410079054,362.1389874781298
110,Markov,15.0,0.25,5,0.3,8,0.9122031083923043,7.521164216609956,277.35309316220156,351.3525442791732
111,Markov,15.0,0.25,5,0.5,2,0.8633246029089958,4.801908643086128,415.0457561143904,379.96683425768384
112,Markov,15.0,0.25,5,0.5,4,0.8768797117223802,5.3400060339646,376.87256328793046,372.3559092424962
113,Markov,15.0,0.25,5,0.5,8,0.8905330554163704,6.016472732281164,338.42151528991997,364.6777152165177
114,Markov,15.0,0.25,5,0.7,2,0.8525876044097672,4.445809024748431,445.32127625882754,387.16643537792083
115,Markov,15.0,0.25,5,0.7,4,0.8607128109924316,4.710293078653419,422.44041926008094,382.613567071991
116,Markov,15.0,0.25,5,0.7,8,0.8688979329306452,5.009812278692678,399.39047223105615,378.0234622764349
117,Markov,15.0,0.25,5,1.0,2,0.8365182050967246,4.000000000000002,490.63647701562985,398.0890769419653
118,Markov,15.0,0.25,5,1.0,4,0.8365182050967246,4.000000000000002,490.63647701562985,398.0890769419653
119,Markov,15.0,0.25,5,1.0,8,0.8365182050967246,4.000000000000002,490.63647701562985,398.0890769419653
120,Markov,15.0,0.25,15,0.3,2,0.6241006685392759,5.216890549385359,1148.4511602926405,1113.0678632424551
121,Markov,15.0,0.25,15,0.3,4,0.6802361627754073,6.1588267047229595,990.5245641006109,1083.141542239378
122,Markov,15.0,0.25,15,0.3,8,0.7371538447113514,7.520264412871475,830.3453147910698,1052.2770705760245
123,Markov,15.0,0.25,15,0.5,2,0.5924637623453611,4.798910289168178,1237.575405714977,1134.0613487788742
124,Markov,15.0,0.25,15,0.5,4,0.6323319916543801,5.337339280397953,1125.445756718499,1113.127987743024
125,Markov,15.0,0.25,15,0.5,8,0.6728022888110268,6.016002372884623,1011.591917408949,1091.5697961709707
126,Markov,15.0,0.25,15,0.7,2,0.5611198301453292,4.443093645124244,1325.8925754402567,1155.855871128234
127,Markov,15.0,0.25,15,0.7,4,0.5848716546441873,4.708028574199014,1259.1126991744013,1143.6074646381728
128,Markov,15.0,0.25,15,0.7,8,0.6090110721920318,5.0095685388688524,1191.2307790848786,1131.0361880634491
129,Markov,15.0,0.25,15,1.0,2,0.5148794687028414,4.000000000000001,1456.2543620136464,1191.072318778295
130,Markov,15.0,0.25,15,1.0,4,0.5148794687028414,4.000000000000001,1456.2543620136464,1191.072318778295
131,Markov,15.0,0.25,15,1.0,8,0.5148794687028414,4.000000000000001,1456.2543620136464,1191.072318778295
132,Markov,15.0,0.25,30,0.3,2,0.2631676771904128,5.203910717245135,2250.8180538284178,2179.657839513924
133,Markov,15.0,0.25,30,0.3,4,0.36686915913677876,6.147036038944731,1960.9659560999135,2143.2977639485784
134,Markov,15.0,0.25,30,0.3,8,0.4770082886718666,7.51362438317458,1652.0694438335504,2094.172616453374
135,Markov,15.0,0.25,30,0.5,2,0.20732002534321292,4.775999024052032,2406.613041994898,2206.0184818650687
136,Markov,15.0,0.25,30,0.5,4,0.27700438985021786,5.316052686977414,2212.6971127649895,2190.147649959314
137,Markov,15.0,0.25,30,0.5,8,0.3527463139228134,6.003951875656904,2001.02176207454,2163.8712474584627
138,Markov,15.0,0.25,30,0.7,2,0.15627555943655586,4.412409710295913,2548.6468666642018,2235.98086967624
139,Markov,15.0,0.25,30,0.7,4,0.19376107083900493,4.677191634945082,2445.101147249019,2235.1237902320127
140,Markov,15.0,0.25,30,0.7,8,0.23572764090104162,4.989469196014197,2328.6624934773477,2229.0145862275003
141,Markov,15.0,0.25,30,1.0,2,0.0962668120092057,4.0,2716.975572692935,2342.2399127944764
142,Markov,15.0,0.25,30,1.0,4,0.0962668120092057,4.0,2716.975572692935,2342.2399127944764
143,Markov,15.0,0.25,30,1.0,8,0.0962668120092057,4.0,2716.975572692935,2342.2399127944764
144,Markov,15.0,1.0,5,0.3,2,0.6642144184667828,1.8923742793075917,265.5338392838505,342.62916824772765
145,Markov,15.0,1.0,5,0.3,4,0.722671649982102,2.3178021884899493,224.65270270911978,337.1726999561244
146,Markov,15.0,1.0,5,0.3,8,0.7627733619284334,2.728786113275404,196.58567824496714,333.2042677442845
147,Markov,15.0,1.0,5,0.5,2,0.5872923026839298,1.513365528699009,319.4633275519294,354.9183406282107
148,Markov,15.0,1.0,5,0.5,4,0.6283789538221272,1.6980046167371368,290.7868877287924,351.65183525040345
149,Markov,15.0,1.0,5,0.5,8,0.656741435890062,1.850340197719637,270.97722689928287,349.2563532240561
150,Markov,15.0,1.0,5,0.7,2,0.51337850863292,1.2576076972155177,371.24806184965314,367.6094969245538
151,Markov,15.0,1.0,5,0.7,4,0.5374991696797138,1.3334745135902286,354.4569319574345,366.1307592252434
152,Markov,15.0,1.0,5,0.7,8,0.5542807596792592,1.3908553705927995,342.7698178321149,365.0525889689127
153,Markov,15.0,1.0,5,1.0,2,0.41034054195845354,1.0000000000000002,443.39970166053666,388.448918706232
154,Markov,15.0,1.0,5,1.0,4,0.41034054195845354,1.0000000000000002,443.39970166053666,388.448918706232
155,Markov,15.0,1.0,5,1.0,8,0.41034054195845354,1.0000000000000002,443.39970166053666,388.448918706232
156,Markov,15.0,1.0,15,0.3,2,0.0918368742661503,1.8194398557341156,715.5696131029348,908.5493848557903
157,Markov,15.0,1.0,15,0.3,4,0.20891517735427179,2.289440626233713,640.1751189640295,962.4447347747744
158,Markov,15.0,1.0,15,0.3,8,0.3144095046955367,2.7447138017443895,568.9789765254588,978.3941690437944
159,Markov,15.0,1.0,15,0.5,2,0.014887402451634835,1.33585804729995,756.427803850665,821.0960351658982
160,Markov,15.0,1.0,15,0.5,4,0.043229988574032846,1.5731216862237427,744.9578084590781,901.9599254945724
161,Markov,15.0,1.0,15,0.5,8,0.08680375358090199,1.8192118259706858,721.2664832039072,965.7056514902636
162,Markov,15.0,1.0,15,0.7,2,0.0013839238131274022,1.0603946348413607,758.1491462939226,820.5023723839436
163,Markov,15.0,1.0,15,0.7,4,0.002722313791949849,1.1155832003612067,759.6184410106779,844.4302104053771
164,Markov,15.0,1.0,15,0.7,8,0.005555688826734681,1.2090314064122567,761.6604793200006,884.4008812386178
165,Markov,15.0,1.0,15,1.0,2,0.000221180160393507,0.9999999999999996,764.8374325821104,1049.9668229759409
166,Markov,15.0,1.0,15,1.0,4,0.000221180160393507,0.9999999999999996,764.8374325821104,1049.9668229759409
167,Markov,15.0,1.0,15,1.0,8,0.000221180160393507,0.9999999999999996,764.8374325821104,1049.9668229759409
168,Markov,15.0,1.0,30,0.3,2,1.722428952999317e-10,1.172337759622424,762.0477322520204,806.3279876992628
169,Markov,15.0,1.0,30,0.3,4,6.727060024201563e-08,1.344675273978561,769.8028690322209,883.8798184799373
170,Markov,15.0,1.0,30,0.3,8,1.5258070009546155e-05,1.6892394916532432,785.2963935305193,1038.9198799788414
171,Markov,15.0,1.0,30,0.5,2,2.927670255592864e-15,1.0004423603207788,765.0232239168381,1050.2985932165257
172,Markov,15.0,1.0,30,0.5,4,2.1263397344046503e-14,1.0008847206414853,765.043130131256,1050.4976553608326
173,Markov,15.0,1.0,30,0.5,8,9.498233859705613e-14,1.0017694412823817,765.0829425600409,1050.8957796491918
174,Markov,15.0,1.0,30,0.7,2,9.507548877650207e-18,1.000000010833465,777.0000005687564,1410.0000073125893
175,Markov,15.0,1.0,30,0.7,4,2.005919133492992e-17,1.0000000216669307,777.0000010562625,1410.0000121876487
176,Markov,15.0,1.0,30,0.7,8,3.182865541089012e-17,1.0000000433338618,777.0000020312741,1410.000021937768
177,Markov,15.0,1.0,30,1.0,2,-6.328778961964962e-18,0.9999999999999993,794.9999999999994,1950.0
178,Markov,15.0,1.0,30,1.0,4,-6.328778961964962e-18,0.9999999999999993,794.9999999999994,1950.0
179,Markov,15.0,1.0,30,1.0,8,-6.328778961964962e-18,0.9999999999999993,794.9999999999994,1950.0
180,Markov,15.0,4.0,5,0.3,2,0.24791176537297524,0.7269586890498083,158.01097960197313,299.80278688249297
181,Markov,15.0,4.0,5,0.3,4,0.3246695383363248,0.8577009232051604,145.94467386762926,311.546887900832
182,Markov,15.0,4.0,5,0.3,8,0.37249976845352895,0.9482563943055431,138.22557540443123,316.86305022102874
183,Markov,15.0,4.0,5,0.5,2,0.07685286634122804,0.46613943227097393,183.9811841240923,285.6293193065683
184,Markov,15.0,4.0,5,0.5,4,0.11236112535664304,0.5395591507129268,179.91068131764862,306.17603804372214
185,Markov,15.0,4.0,5,0.5,8,0.1399237320486317,0.5913035271003505,176.38623229445273,318.4770443554437
186,Markov,15.0,4.0,5,0.7,2,0.01689873539302264,0.31848708843266277,190.8009390862539,280.9519799417583
187,Markov,15.0,4.0,5,0.7,4,0.02450532330375682,0.35685156704788623,191.0353564751922,296.41751797715693
188,Markov,15.0,4.0,5,0.7,8,0.03300374731723679,0.3952734456893264,191.072960396146,311.453338609947
189,Markov,15.0,4.0,5,1.0,2,0.0035702861185134102,0.25,193.09395992572317,337.3661142705557
190,Markov,15.0,4.0,5,1.0,4,0.0035702861185134102,0.25,193.09395992572317,337.3661142705557
191,Markov,15.0,4.0,5,1.0,8,0.0035702861185134102,0.25,193.09395992572317,337.3661142705557
192,Markov,15.0,4.0,15,0.3,2,3.924011621847937e-11,0.2691097531744377,193.64576967280615,317.174312542708
193,Markov,15.0,4.0,15,0.3,4,3.849515147273679e-10,0.28821950497924126,194.50570843857298,325.7737007967297
194,Markov,15.0,4.0,15,0.3,8,4.015067489527329e-09,0.326438981195047,196.225584174489,342.9724644178371
195,Markov,15.0,4.0,15,0.5,2,3.865405473006229e-15,0.2500146688493018,198.75068760231034,487.50742610495894
196,Markov,15.0,4.0,15,0.5,4,6.045964556660505e-15,0.2500293376985948,198.75134770052804,487.5140270871404
197,Markov,15.0,4.0,15,0.5,8,7.823108792183198e-15,0.25005867539717547,198.75266789696383,487.5272290515014
198,Markov,15.0,4.0,15,0.7,2,8.168251149483034e-17,0.25000000104409087,204.75000004894176,667.500000528571
199,Markov,15.0,4.0,15,0.7,4,9.202459967862846e-17,0.2500000020881816,204.7500000959258,667.5000009984118
0,Simulator,10.0,0.25,5,0.3,2,0.8113515494021117,5.174575017769813,376.3612849733266,370.1922454721628
1,Simulator,10.0,0.25,5,0.3,4,0.841248334073745,6.1705014590218035,322.40498327564404,360.17525999320674
2,Simulator,10.0,0.25,5,0.3,8,0.8676345482224411,7.47837956721009,266.4209945369666,349.56630027936666
3,Simulator,10.0,0.25,5,0.5,2,0.7956067802615118,4.74902341840452,407.2832989232453,377.49361530026744
4,Simulator,10.0,0.25,5,0.5,4,0.8177292167869553,5.368291368348162,367.9447178189183,370.06740275763724
5,Simulator,10.0,0.25,5,0.5,8,0.8356049227734313,5.992437062591971,327.0055571109989,362.0899975772883
6,Simulator,10.0,0.25,5,0.7,2,0.7841565847268244,4.461484964690615,439.2162944017764,385.286113896484
7,Simulator,10.0,0.25,5,0.7,4,0.7949869102656938,4.753208431434465,414.632339726821,380.40393558033844
8,Simulator,10.0,0.25,5,0.7,8,0.8070061337310354,5.075574996568414,389.4331167550043,375.19102258265093
9,Simulator,10.0,0.25,5,1.0,2,0.7563711524495839,3.990744699300126,483.73980424134896,396.3836335186443
10,Simulator,10.0,0.25,5,1.0,4,0.7580050499407861,4.009243595496458,482.80848673219657,395.8956095371818
11,Simulator,10.0,0.25,5,1.0,8,0.7593782592605053,4.030688984877976,480.7806856961219,394.88585422369687
12,Simulator,10.0,0.25,15,0.3,2,0.44461229159493054,5.180313111091182,1110.8591133184489,1092.5072280395273
13,Simulator,10.0,0.25,15,0.3,4,0.52183184289558,6.093225967074491,951.022257476084,1066.8027757768782
14,Simulator,10.0,0.25,15,0.3,8,0.6153103034744661,7.573421266993168,788.5026313645268,1038.4939824219914
15,Simulator,10.0,0.25,15,0.5,2,0.40259060432584143,4.789115298947744,1196.4283042093884,1111.2637762477495
16,Simulator,10.0,0.25,15,0.5,4,0.4635558128144619,5.362890242105763,1084.8629946101667,1094.1651765570255
17,Simulator,10.0,0.25,15,0.5,8,0.5191390526873597,6.060940696189028,964.3053406098114,1071.4848550876816
18,Simulator,10.0,0.25,15,0.7,2,0.3599551056240207,4.421539872773467,1279.9369832334407,1132.8820514085392
19,Simulator,10.0,0.25,15,0.7,4,0.3934107661380389,4.695037818388426,1209.4757523978624,1121.1691863352087
20,Simulator,10.0,0.25,15,0.7,8,0.42822567935700295,5.002867200917995,1134.0143858867073,1105.6238421264788
21,Simulator,10.0,0.25,15,1.0,2,0.29862282337961155,3.9853133337675266,1392.2786687960113,1175.1357827475058
22,Simulator,10.0,0.25,15,1.0,4,0.29517191343679505,3.998169552948097,1383.1901469583001,1170.4007102635876
23,Simulator,10.0,0.25,15,1.0,8,0.29687823506406863,4.011042270710277,1364.3548750701775,1160.7962330075363
24,Simulator,10.0,0.25,30,0.3,2,0.031904666085362306,5.107599282063854,1933.8281022949077,1881.1946559344763
25,Simulator,10.0,0.25,30,0.3,4,0.10725382208114141,6.052907034865972,1785.1041535751776,1982.822763408374
26,Simulator,10.0,0.25,30,0.3,8,0.2346785233456652,7.46648670330847,1526.32643781605,2008.7705095839199
27,Simulator,10.0,0.25,30,0.5,2,0.011754922233210464,4.584545779479731,1964.652549046124,1797.3495650708812
28,Simulator,10.0,0.25,30,0.5,4,0.03807881717885437,5.083047595042495,1909.2917586040833,1891.301835087023
29,Simulator,10.0,0.25,30,0.5,8,0.08829035777867111,5.838968797653438,1786.3050307785788,1968.8826911090173
30,Simulator,10.0,0.25,30,0.7,2,0.003099243155838031,4.136677101292399,1966.443054255185,1790.2121171485605
31,Simulator,10.0,0.25,30,0.7,4,0.007246049151047908,4.344589398770274,1964.274881609333,1834.7737315467527
32,Simulator,10.0,0.25,30,0.7,8,0.01589533744452769,4.585966737310039,1906.2624245629459,1867.1954201187507
33,Simulator,10.0,0.25,30,1.0,2,0.0010702657638881066,3.9963667780191545,1988.796191121623,2181.91214784795
34,Simulator,10.0,0.25,30,1.0,4,0.000617149910284689,3.982321805305166,1955.1263521621468,2163.321024250802
35,Simulator,10.0,0.25,30,1.0,8,0.0004797453839133182,3.9807910482826427,1909.6797824859582,2130.606758330493
36,Simulator,10.0,1.0,5,0.3,2,0.5148438804474871,1.8923969215505443,246.50162172356087,333.00541396615085
37,Simulator,10.0,1.0,5,0.3,4,0.6000244070203465,2.345655546726083,206.76922264737547,331.64670485241845
38,Simulator,10.0,1.0,5,0.3,8,0.6558041648205583,2.7522613980389177,177.98567627987873,329.21807678800343
39,Simulator,10.0,1.0,5,0.5,2,0.4104924789713607,1.508664297008062,295.80414011154335,342.5667911632624
40,Simulator,10.0,1.0,5,0.5,4,0.4652771569065713,1.701317504182507,268.5117541031584,343.59370977319793
41,Simulator,10.0,1.0,5,0.5,8,0.5092122443058175,1.8751283935768546,248.54425108007607,343.10016937540547
42,Simulator,10.0,1.0,5,0.7,2,0.32116502683363146,1.2519775308508907,339.69254412127765,353.8210369190489
43,Simulator,10.0,1.0,5,0.7,4,0.35526155008275845,1.3360250810029821,324.97479297569737,355.80978826339106
44,Simulator,10.0,1.0,5,0.7,8,0.37539665631342295,1.4056891624241292,313.1044540259232,356.2312968856967
45,Simulator,10.0,1.0,5,1.0,2,0.21306506811013934,1.0019478211945467,393.793672014546,378.02728000296963
46,Simulator,10.0,1.0,5,1.0,4,0.21341619326077532,0.9934732279703619,392.684338867911,377.5029262995769
47,Simulator,10.0,1.0,5,1.0,8,0.20856350476877636,0.996662689564774,390.9025122119433,376.5433698391723
48,Simulator,10.0,1.0,15,0.3,2,0.0027372160836582615,1.5446213640269875,504.6194639552419,611.214370089285
49,Simulator,10.0,1.0,15,0.3,4,0.023136619954218077,1.9992928742324376,493.50101954216603,732.4974956546021
50,Simulator,10.0,1.0,15,0.3,8,0.0831919078392807,2.636010425883083,469.10193882760313,860.68221599957
51,Simulator,10.0,1.0,15,0.5,2,0.00019995112305880785,1.0672423012874586,502.73017943965283,582.0609475431434
52,Simulator,10.0,1.0,15,0.5,4,0.00019073049780659929,1.1376288661238143,500.09897763296414,599.3078656776585
53,Simulator,10.0,1.0,15,0.5,8,0.0008492569002123143,1.2852768497188527,502.9332306376108,643.1470627178194
54,Simulator,10.0,1.0,15,0.7,2,0.0,0.9997475030996958,507.75077137214026,728.9580942468206
55,Simulator,10.0,1.0,15,0.7,4,0.0,1.0052898394313494,507.7567130542568,727.7479570638077
56,Simulator,10.0,1.0,15,0.7,8,1.1338125581078936e-05,1.0065429386699443,499.2501047135641,725.483330903544
57,Simulator,10.0,1.0,15,1.0,2,0.0,1.00280877890338,519.2740012092506,996.9715648726198
58,Simulator,10.0,1.0,15,1.0,4,0.0,0.9926199404254313,508.78553296674414,991.9507890408207
59,Simulator,10.0,1.0,15,1.0,8,0.0,0.9970571444641775,504.4294129089361,985.301240729696
60,Simulator,10.0,1.0,30,0.3,2,0.0,1.0145678398016509,507.97925420960826,645.7093412348659
61,Simulator,10.0,1.0,30,0.3,4,0.0,1.0330517577457405,506.8337443021776,649.6269023609523
62,Simulator,10.0,1.0,30,0.3,8,0.0,1.0561074255906555,501.3045379354003,653.1966401443686
63,Simulator,10.0,1.0,30,0.5,2,0.0,1.0012448498441955,515.1384973095119,996.1275844849469
64,Simulator,10.0,1.0,30,0.5,4,0.0,1.0026167713847356,515.5510362787802,993.3315040024655
65,Simulator,10.0,1.0,30,0.5,8,0.0,0.993282641712847,502.74180163416565,984.9568302654851
66,Simulator,10.0,1.0,30,0.7,2,0.0,0.9977024724444553,526.9203293653021,1353.2623801425868
67,Simulator,10.0,1.0,30,0.7,4,0.0,1.0007846421431534,523.1151870351384,1346.7848681023995
68,Simulator,10.0,1.0,30,0.7,8,0.0,0.9972273671533461,510.50727596134806,1332.8099202642068
69,Simulator,10.0,1.0,30,1.0,2,0.0,0.9967934174625729,546.2048593670997,1887.505753612272
70,Simulator,10.0,1.0,30,1.0,4,0.0,0.9965336132816186,534.476882093911,1873.392560971539
71,Simulator,10.0,1.0,30,1.0,8,0.0,1.0009171640724241,520.6204390895871,1847.1252596781435
72,Simulator,10.0,4.0,5,0.3,2,0.08228557341043054,0.688215455631068,119.4522680064595,247.04781364587126
73,Simulator,10.0,4.0,5,0.3,4,0.1492416425345893,0.8798578141233,113.50938492548694,282.2622890604072
74,Simulator,10.0,4.0,5,0.3,8,0.20477430458543344,1.0284649422488532,106.25113488873936,300.0398955692346
75,Simulator,10.0,4.0,5,0.5,2,0.008341335953726244,0.3741056944159335,127.15154370080705,215.98944525048043
76,Simulator,10.0,4.0,5,0.5,4,0.016275932800463754,0.4623723326126435,126.97226430190952,240.90265602024323
77,Simulator,10.0,4.0,5,0.5,8,0.029137023057995703,0.5744835770007021,126.89337526797966,271.2468310605543
78,Simulator,10.0,4.0,5,0.7,2,0.0007318371329725894,0.26948992606494165,130.27110607165875,241.2794033279734
79,Simulator,10.0,4.0,5,0.7,4,0.001309252047804485,0.28796872783098865,129.1227893385464,246.37664436459536
80,Simulator,10.0,4.0,5,0.7,8,0.0018046519918010872,0.32089622817063634,129.93441533732135,256.07518127170385
81,Simulator,10.0,4.0,5,1.0,2,0.000255845513804534,0.25076417393703637,132.69239702172405,324.7413055146381
82,Simulator,10.0,4.0,5,1.0,4,0.00022251148715552441,0.2497587410571717,132.1750164219039,324.33775845345536
83,Simulator,10.0,4.0,5,1.0,8,0.0002030892125779919,0.2511382876931537,131.1262857185656,323.5278134119494
84,Simulator,10.0,4.0,15,0.3,2,0.0,0.25061416598850345,130.81835554940548,295.0682918466055
85,Simulator,10.0,4.0,15,0.3,4,0.0,0.2543682080574561,132.2796728077591,295.7129857578172
86,Simulator,10.0,4.0,15,0.3,8,0.0,0.2568320381030923,130.22541983408067,295.76902903480044
87,Simulator,10.0,4.0,15,0.5,2,0.0,0.2510871770969551,137.93705561299222,474.3939569278238
88,Simulator,10.0,4.0,15,0.5,4,0.0,0.25023233151873636,136.73809402716432,473.45403279466575
89,Simulator,10.0,4.0,15,0.5,8,0.0,0.25099321034561045,136.32089859229703,471.97841467870813
90,Simulator,10.0,4.0,15,0.7,2,0.0,0.2497780789508432,143.20537731789975,653.5493967315361
91,Simulator,10.0,4.0,15,0.7,4,0.0,0.2509614298021642,143.5487433484817,652.2289952411843
92,Simulator,10.0,4.0,15,0.7,8,0.0,0.24918010419913847,140.7779818496135,648.8825813298627
93,Simulator,10.0,4.0,15,1.0,2,0.0,0.2500149184103766,151.6183452001559,921.939798340178
94,Simulator,10.0,4.0,15,1.0,4,0.0,0.2517997717181405,151.76584786220707,919.0896288154161
95,Simulator,10.0,4.0,15,1.0,8,0.0,0.24808586509992248,147.9229464106444,912.5448189953735
96,Simulator,10.0,4.0,30,0.3,2,0.0,0.2488701746039809,139.40800826274022,563.7640833189267
97,Simulator,10.0,4.0,30,0.3,4,0.0,0.24969531444844253,139.161569680528,562.7007285062298
98,Simulator,10.0,4.0,30,0.3,8,0.0,0.25092733742812284,138.15478437130227,560.4691396676186
99,Simulator,10.0,4.0,30,0.5,2,0.0,0.250182729432647,152.21298228031844,922.0611528463306
100,Simulator,10.0,4.0,30,0.5,4,0.0,0.24977760608890676,150.18515066014004,918.7670375496889
101,Simulator,10.0,4.0,30,0.5,8,0.0,0.2505025166145523,148.90221424098587,912.7446695729855
102,Simulator,10.0,4.0,30,0.7,2,0.0,0.2506569866492147,163.3568444542998,1279.0657505689048
103,Simulator,10.0,4.0,30,0.7,4,0.0,0.2486186838711626,160.36342970951986,1272.7538972195916
104,Simulator,10.0,4.0,30,0.7,8,0.0,0.2490945321010446,158.34874404287766,1260.9408321176268
105,Simulator,10.0,4.0,30,1.0,2,0.0,0.250150791378005,180.4375998038541,1812.8593741096477
106,Simulator,10.0,4.0,30,1.0,4,0.0,0.25087092270653805,179.0303739811013,1800.8524572750564
107,Simulator,10.0,4.0,30,1.0,8,0.0,0.24913609078047208,174.0033205785913,1776.387072226908
108,Simulator,15.0,0.25,5,0.3,2,0.8726147805523744,5.176016302962952,379.2759295243908,372.472172086952
109,Simulator,15.0,0.25,5,0.3,4,0.8932699395547693,6.136526055036149,323.4827109868122,361.6466442903315
110,Simulator,15.0,0.25,5,0.3,8,0.9111007213465135,7.423419849427959,266.1258686377222,350.32317016870485
111,Simulator,15.0,0.25,5,0.5,2,0.8628413396306155,4.783568958977198,410.79750913490983,379.5104391223293
112,Simulator,15.0,0.25,5,0.5,4,0.8766171894772886,5.344700090470438,371.2179201607634,371.76362537279937
113,Simulator,15.0,0.25,5,0.5,8,0.8892854737692774,5.98116901031528,329.417913236583,363.2404604459954
114,Simulator,15.0,0.25,5,0.7,2,0.8535901978370606,4.473335803906694,443.23058283794154,386.87649245779505
115,Simulator,15.0,0.25,5,0.7,4,0.8594248728069851,4.650305434937553,417.5953205550325,381.6626579419112
116,Simulator,15.0,0.25,5,0.7,8,0.869844746409202,5.044468774946367,393.7224801282019,376.60075591239706
117,Simulator,15.0,0.25,5,1.0,2,0.8355290991545993,3.9753835428803077,489.56432889823856,397.5723120200489
118,Simulator,15.0,0.25,5,1.0,4,0.8347112983188578,3.964035862465903,488.4545197474662,397.04786117295305
119,Simulator,15.0,0.25,5,1.0,8,0.8371680886542588,4.017564425721759,486.2761737603547,396.0073824000717
120,Simulator,15.0,0.25,15,0.3,2,0.622907351564937,5.203182505900973,1131.096028363777,1110.6627092834988
121,Simulator,15.0,0.25,15,0.3,4,0.6790394796438887,6.125945480305878,964.5161295843847,1079.0132201258746
122,Simulator,15.0,0.25,15,0.3,8,0.7369331871312313,7.507238049605392,796.511122024723,1045.1248553196256
123,Simulator,15.0,0.25,15,0.5,2,0.5930497925311203,4.79206680908838,1224.2930336171578,1131.078494601065
124,Simulator,15.0,0.25,15,0.5,4,0.6331555588706971,5.350555414729783,1102.361535715377,1107.0700658176227
125,Simulator,15.0,0.25,15,0.5,8,0.6699301435478656,5.972837547265015,979.7342741329562,1080.399055166286
126,Simulator,15.0,0.25,15,0.7,2,0.5618754918117975,4.439947171890225,1312.743789573501,1151.6510858060565
127,Simulator,15.0,0.25,15,0.7,4,0.5841691861032131,4.715800227352736,1238.9774620569026,1135.9167409636734
128,Simulator,15.0,0.25,15,0.7,8,0.6072232709408901,5.007274924319112,1156.7189176056381,1115.914924424516
129,Simulator,15.0,0.25,15,1.0,2,0.5166326919199838,4.019518993722298,1446.5926569539606,1186.22027012667
130,Simulator,15.0,0.25,15,1.0,4,0.5163698419022846,4.017801914437806,1437.0761564551497,1181.3978550588793
131,Simulator,15.0,0.25,15,1.0,8,0.5117185122055153,3.973084742158817,1417.4687150208788,1171.6357921811245
132,Simulator,15.0,0.25,30,0.3,2,0.264010129599285,5.211741656184168,2214.834907558666,2169.9633447129168
133,Simulator,15.0,0.25,30,0.3,4,0.36597593085699837,6.112414823106498,1899.650360119981,2126.594130532581
134,Simulator,15.0,0.25,30,0.3,8,0.473244386789251,7.473251213022645,1564.8029815567504,2063.3179571502333
135,Simulator,15.0,0.25,30,0.5,2,0.20933193361774363,4.773218891064689,2367.4525949949016,2190.540446041368
136,Simulator,15.0,0.25,30,0.5,4,0.2763688220062296,5.302539332909742,2151.6526702560936,2163.816178243707
137,Simulator,15.0,0.25,30,0.5,8,0.35563123327657503,6.02469107662256,1907.0004393067845,2117.5049068339144
138,Simulator,15.0,0.25,30,0.7,2,0.15926990407226307,4.415763034296112,2513.273390708268,2217.455217948463
139,Simulator,15.0,0.25,30,0.7,4,0.19320472649024123,4.667197244573018,2381.0153744711065,2201.829424956001
140,Simulator,15.0,0.25,30,0.7,8,0.2324318085638441,4.953284278781509,2212.8120188338985,2165.208466866988
141,Simulator,15.0,0.25,30,1.0,2,0.09610093990487892,4.009348858197994,2677.3937420146167,2322.442260275096
142,Simulator,15.0,0.25,30,1.0,4,0.10135412080822188,4.0228793314505165,2652.162358442866,2305.5732704304914
143,Simulator,15.0,0.25,30,1.0,8,0.09958454475302628,4.007791365535172,2578.9778306961516,2267.1981967407555
144,Simulator,15.0,1.0,5,0.3,2,0.6631391192077198,1.8980377925922522,256.484900647627,342.2933369665778
145,Simulator,15.0,1.0,5,0.3,4,0.7240499400896436,2.32395912094992,213.57998116563766,336.9100682506684
146,Simulator,15.0,1.0,5,0.3,8,0.7641512935674251,2.7438676549035095,184.23552851088436,332.5606012650767
147,Simulator,15.0,1.0,5,0.5,2,0.5868359386586777,1.5103395529028092,312.56772728935323,354.4255952787687
148,Simulator,15.0,1.0,5,0.5,4,0.6300809701630495,1.6991479616347367,282.19042325275313,351.00344643793125
149,Simulator,15.0,1.0,5,0.5,8,0.6576944537440018,1.8536221659513057,260.4063749593097,347.88383244475637
150,Simulator,15.0,1.0,5,0.7,2,0.5143033164098453,1.2608671572061414,366.5365163990352,367.073228165001
151,Simulator,15.0,1.0,5,0.7,4,0.5385672679723023,1.3371876653204495,349.26117449833185,365.4548547760859
152,Simulator,15.0,1.0,5,0.7,8,0.5568768196338022,1.3985430492233104,335.4959474434553,363.5302006936661
153,Simulator,15.0,1.0,5,1.0,2,0.4094801950755323,0.9996286246370816,442.2859732668428,387.9236680136347
154,Simulator,15.0,1.0,5,1.0,4,0.4120990842572391,1.0018783683541954,442.11250941571217,387.5903080440229
155,Simulator,15.0,1.0,5,1.0,8,0.4151686150069601,1.0101386315731469,439.7514568330725,386.51254221082917
156,Simulator,15.0,1.0,15,0.3,2,0.10027449152479673,1.8188782589950276,689.0672583968527,901.4025882124938
157,Simulator,15.0,1.0,15,0.3,4,0.213020210941965,2.2906820171547513,606.6813911380497,956.6847319726805
158,Simulator,15.0,1.0,15,0.3,8,0.3128978625885595,2.742775834537388,528.362895418675,970.4921780834945
159,Simulator,15.0,1.0,15,0.5,2,0.020134078875161294,1.319829286959166,738.8383347699825,809.1381783624071
160,Simulator,15.0,1.0,15,0.5,4,0.049366721022181516,1.5518862713906343,718.9274788536283,884.2973627963923
161,Simulator,15.0,1.0,15,0.5,8,0.08739159942689088,1.788392228332021,684.8436595421025,940.1877482914888
162,Simulator,15.0,1.0,15,0.7,2,0.0019297510770703687,1.0587368042002367,749.5160825352276,815.8146476590159
163,Simulator,15.0,1.0,15,0.7,4,0.004130662915578181,1.1081131703169045,749.094544395724,837.5287302314105
164,Simulator,15.0,1.0,15,0.7,8,0.006375014179302,1.1913251639441633,737.2489317368847,865.8246742196319
165,Simulator,15.0,1.0,15,1.0,2,0.00017132088401576153,1.0001511486119894,760.8271725487662,1046.2681304521118
166,Simulator,15.0,1.0,15,1.0,4,0.0002024807643273889,1.0016672024796414,756.8434479073437,1042.5748533144158
167,Simulator,15.0,1.0,15,1.0,8,0.000197676540356426,0.9998180005243996,745.4479089311843,1034.4886888974993
168,Simulator,15.0,1.0,30,0.3,2,0.0,1.1697042838375495,751.8286824253845,802.1049863987437
169,Simulator,15.0,1.0,30,0.3,4,2.237253249610345e-05,1.3565139490716858,757.1637189834405,885.2779775165586
170,Simulator,15.0,1.0,30,0.3,8,7.50891683874601e-05,1.7003105121070754,754.3963242977097,1033.7156202442388
171,Simulator,15.0,1.0,30,0.5,2,0.0,0.9984328481725651,755.4127642799352,1045.3328343180003
172,Simulator,15.0,1.0,30,0.5,4,0.0,0.9998514955590799,752.0670596644153,1041.9968570757605
173,Simulator,15.0,1.0,30,0.5,8,0.0,1.0028913946619615,741.1399539098079,1034.7863734686773
174,Simulator,15.0,1.0,30,0.7,2,0.0,1.0013755738916503,772.2816087101594,1403.336110621115
175,Simulator,15.0,1.0,30,0.7,4,0.0,0.9956579076919291,760.0714241869622,1395.1432838476856
176,Simulator,15.0,1.0,30,0.7,8,0.0,1.0009870326808072,750.6720301024179,1381.823135395074
177,Simulator,15.0,1.0,30,1.0,2,0.0,0.9992824575567063,785.3797220585028,1936.316950079977
178,Simulator,15.0,1.0,30,1.0,4,0.0,0.99451706120681,770.021572891748,1921.4629060323512
179,Simulator,15.0,1.0,30,1.0,8,0.0,1.0005934705552268,751.5544697390038,1894.254653688224
180,Simulator,15.0,4.0,5,0.3,2,0.24839944975276054,0.7233874823430859,146.4895914936028,297.52023473150035
181,Simulator,15.0,4.0,5,0.3,4,0.32924988903683977,0.8609491665873927,133.965277787637,310.903967410054
182,Simulator,15.0,4.0,5,0.3,8,0.3712094184801998,0.9458346281109886,124.61216424197582,315.9489336427389
183,Simulator,15.0,4.0,5,0.5,2,0.07901621798397526,0.46064878036604373,176.85559628850103,282.3190817437103
184,Simulator,15.0,4.0,5,0.5,4,0.11359249250141062,0.5350391765679011,171.7817759068187,303.4821503267197
185,Simulator,15.0,4.0,5,0.5,8,0.13790154033811575,0.5865197211450718,166.85386514552545,316.29565587005027
186,Simulator,15.0,4.0,5,0.7,2,0.017872562155724282,0.3156626872469582,187.50848058230045,279.11856630678835
187,Simulator,15.0,4.0,5,0.7,4,0.02402073905355591,0.35243739755313735,186.25059333654744,293.0785040789242
188,Simulator,15.0,4.0,5,0.7,8,0.03269265179530001,0.3918513589427462,185.99855781186852,308.6339512268982
189,Simulator,15.0,4.0,5,1.0,2,0.003388473259236741,0.24937707005283685,192.4818336332079,336.9432313537133
190,Simulator,15.0,4.0,5,1.0,4,0.0036471087359418843,0.2508361720858424,192.79251555395513,336.70867664366654
191,Simulator,15.0,4.0,5,1.0,8,0.003236902186974285,0.24985916973261726,190.50458555422728,335.64583378657267
192,Simulator,15.0,4.0,15,0.3,2,0.0,0.2685984020362418,192.76040445734748,316.4928443835882
193,Simulator,15.0,4.0,15,0.3,4,0.0,0.2858462182771595,193.4677573640162,324.31530324232733
194,Simulator,15.0,4.0,15,0.3,8,0.0,0.32989072967575844,193.0598392811184,342.9064215526741
195,Simulator,15.0,4.0,15,0.5,2,0.0,0.25123490452460967,199.11411908491544,486.8860960405094
196,Simulator,15.0,4.0,15,0.5,4,0.0,0.25049041989032905,197.9615698453944,485.9486196963368
197,Simulator,15.0,4.0,15,0.5,8,0.0,0.25046235654631094,196.47394175007523,484.2545459353942
198,Simulator,15.0,4.0,15,0.7,2,0.0,0.2493017083851383,204.3945870914108,666.036990562882
199,Simulator,15.0,4.0,15,0.7,4,0.0,0.25205117441161884,204.61530541196504,664.691558927617
